{
    "loss": 32.216331481933594,
    "accuracy": 0.9335911273956299
}