{
    "loss": 26.06629753112793,
    "accuracy": 0.1618882566690445
}